{
     "Id": 1,
     "nombre": "Nicolas",
     "apellido": "Horenstein",
     "profesion": "Ingeniero"
}

{
    "Id": 1,
    "nombre": "Nicolas",
    "apellido": "Horenstein",
    "profesion": ["Ingeniero", "Medico"]
}

{
    "Id": 1,
    "nombre": "Nicolas",
    "apellido": "Horenstein",
    "profesion": [
        {
            "Id":2,
            "Nombre":"ingeniero",
            "AñoEgreso": 2015
        },
        {
            "Id":3,
            "Nombre":"Medico",
            "AñoEgreso": 2020
        }
    ]
}